item_id	user_name
1	368
2	5890
3	122
4	6379
5	6371
6	13335
7	5832
8	18648
9	5827
10	5828
11	5869
12	13257
13	5834
14	6135
15	5857
16	5830
17	5904
18	5852
19	4397
20	18266
21	5907
22	12535
23	5886
24	10488
25	15060
26	15033
27	15000
28	14990
29	3438
30	3414
31	14699
32	342
33	14346
34	14238
35	4879
36	14201
37	14094
38	4501
39	13985
40	5911
41	13932
42	13895
43	2504
44	13808
45	13801
46	2714
47	2507
48	13721
49	13696
50	13587
51	7615
52	12483
53	7715
54	6938
55	8862
56	3328
57	7253
58	2193
59	9022
60	8028
61	4551
62	7205
63	2465
64	11873
65	4807
66	5121
67	1759
68	493
69	2662
70	4580
71	5367
72	4959
73	2204
74	223
75	4325
76	4266
77	2555
78	4286
79	4331
80	2422
81	4898
82	2381
83	6810
84	4311
85	6486
86	2196
87	3627
88	3572
89	5091
90	4070
91	5088
92	78
93	2517
94	7196
95	4841
96	5053
97	7222
98	4292
99	7372
100	2558
101	2957
102	2293
103	4553
104	5688
105	8630
106	4193
107	7817
108	7075
109	6658
110	4799
111	8455
112	5090
113	3354
114	2247
115	2356
116	6655
117	6800
118	7655
119	7586
120	7504
121	6774
122	2728
123	7438
124	12378
125	4105
126	7182
127	2967
128	2882
129	2828
130	5575
131	3174
132	2723
133	4919
134	3378
135	9192
136	2255
137	2945
138	7479
139	5561
140	9754
141	4566
142	2600
143	7631
144	2316
145	4071
146	6558
147	2878
148	7471
149	6455
150	2371
151	4482
152	9935
153	3547
154	11315
155	8756
156	2199
157	2342
158	2569
159	2230
160	2523
161	2580
162	4267
163	2469
164	247
165	2302
166	5027
167	8458
168	3379
169	3422
170	10687
171	4068
172	974
173	6724
174	5491
175	2512
176	4269
177	6556
178	4315
179	8479
180	7285
181	2876
182	7179
183	7232
184	2349
185	2344
186	6575
187	313
188	4441
189	6731
190	4401
191	2287
192	5438
193	4301
194	4410
195	6530
196	3648
197	2254
198	4350
199	4347
200	2253
201	4352
202	5393
203	3374
204	2459
205	12231
206	7692
207	6654
208	2246
209	5190
210	4345
211	4289
212	2798
213	6772
214	5123
215	4348
216	4332
217	3488
218	7328
219	2587
220	7582
221	5019
222	2256
223	84
224	2200
225	4209
226	2275
227	3324
228	3326
229	7886
230	8165
231	3887
232	4907
233	5275
234	169
235	6904
236	7031
237	2470
238	6532
239	2989
240	3732
241	4633
242	2260
243	4407
244	5040
245	2784
246	7115
247	6554
248	2462
249	6762
250	7257
251	6869
252	5214
253	5207
254	2694
255	1308
256	7225
257	4433
258	3908
259	7341
260	2759
261	6603
262	6900
263	11286
264	9216
265	3985
266	4886
267	5161
268	6529
269	2824
270	3290
271	2670
272	7757
273	5112
274	6826
275	6604
276	2549
277	3283
278	2696
279	7156
280	2955
281	2968
282	10116
283	6721
284	6588
285	3741
286	3175
287	5087
288	5107
289	7184
290	3430
291	4849
292	2421
293	6804
294	9376
295	2271
296	2330
297	3895
298	6481
299	2800
300	9768
301	5085
302	2307
303	4498
304	6727
305	3285
306	7652
307	7038
308	7467
309	7070
310	29650
311	48153
312	35208
313	24167
314	25755
315	40938
316	42953
317	47847
318	37912
319	26687
320	28125
321	27424
322	33038
323	46071
324	32564
325	41189
326	24177
327	30526
328	40148
329	25161
330	23887
331	38811
332	29654
333	42103
334	24020
335	27990
336	27815
337	43247
338	21424
339	25566
340	29645
341	31385
342	23957
343	37413
344	29037
345	24256
346	21519
347	31575
348	33016
349	31606
350	28916
351	39168
352	29730
353	24162
354	22686
355	29066
356	32816
357	31245
358	31529
359	43084
360	32687
361	24588
362	28042
363	21680
364	31882
365	23980
366	39169
367	23850
368	37891
369	6861
370	3435
371	2304
372	4780
373	2689
374	4314
375	2387
376	8599
377	2343
378	6597
379	7530
380	4445
381	4785
382	6544
383	4124
384	26063
385	32702
386	30259
387	28931
388	41890
389	29030
390	24068
391	36407
392	34850
393	25945
394	25735
395	39667
396	42127
397	23996
398	30433
399	25826
400	38276
401	39278
402	3843
403	26524
404	23667
405	21560
406	35609
407	21530
408	21977
409	29015
410	23058
411	26608
412	32310
413	24085
414	38977
415	21666
416	28275
417	34254
418	39211
419	26473
420	35521
421	24664
422	25541
423	24094
424	24996
425	30790
426	40996
427	44497
428	29383
429	30238
430	30602
431	24071
432	34859
433	24371
434	37198
435	21739
436	37228
437	26970
438	29180
439	29610
440	36503
441	21512
442	32982
443	38851
444	34632
445	36063
446	24956
447	32039
448	21709
449	25046
450	34723
451	31657
452	36258
453	26493
454	21757
455	23943
456	25309
457	29072
458	42792
459	39158
460	37168
461	31524
462	25145
463	33041
464	26366
465	34477
466	31822
467	18123
468	37075
469	24237
470	23936
471	24216
472	27542
473	30994
474	26062
475	27823
476	29590
477	31293
478	24308
479	36348
480	29822
481	24704
482	25647
483	22669
484	24708
485	27715
486	46227
487	34242
488	24711
489	27097
490	27862
491	26574
492	29589
493	37057
494	25018
495	33139
496	28055
497	24041
498	24893
499	24043
500	28288
501	24603
502	41843
503	28196
504	24280
505	34273
506	18127
507	28412
508	27223
509	27987
510	18094
511	24954
512	28138
513	43205
514	25079
515	46083
516	26848
517	21570
518	23871
519	27962
520	26445
521	32577
522	30995
523	24575
524	27489
525	21729
526	24156
527	35181
528	31468
529	34770
530	37478
531	24507
532	24946
533	36329
534	29303
535	28602
536	31338
537	24279
538	44450
539	38690
540	26041
541	25662
542	26191
543	29281
544	25153
545	27881
546	26553
547	32820
548	27201
549	18102
550	27595
551	35845
552	21543
553	24759
554	27242
555	21976
556	27277
557	24566
558	29524
559	25008
560	27286
561	45408
562	28518
563	21402
564	24742
565	24277
566	33392
567	31929
568	35107
569	24999
570	35174
571	28504
572	36899
573	24771
574	41096
575	43648
576	29252
577	24813
578	28429
579	26001
580	43113
581	45656
582	26956
583	25234
584	34520
585	22667
586	24467
587	25060
588	31700
589	38608
590	39439
591	42494
592	25353
593	32645
594	37834
595	25939
596	48929
597	45047
598	23953
599	28856
600	24191
601	28484
602	25846
603	29176
604	34251
605	24238
606	30284
607	26332
608	24906
609	30796
610	24163
611	29353
612	29352
613	4924
614	27639
615	26886
616	24128
617	24962
618	26061
619	28561
620	30366
621	37536
622	37435
623	21431
624	24283
625	43748
626	30974
627	29844
628	41130
629	37113
630	40684
631	34276
632	21615
633	47471
634	31148
635	27392
636	26417
637	26192
638	21619
639	25371
640	26639
641	27042
642	27438
643	43546
644	23849
645	25505
646	27846
647	26850
648	38235
649	24652
650	42447
651	32051
652	34831
653	29593
654	26543
655	37601
656	42511
657	39107
658	33647
659	33562
660	29941
661	25029
662	30977
663	28736
664	24848
665	24831
666	30333
667	30089
668	24223
669	24983
670	26167
671	29401
672	37311
673	39511
674	24190
675	25170
676	24690
677	31525
678	27909
679	30778
680	21505
681	27610
682	23089
683	27637
684	18115
685	32680
686	46060
687	21357
688	26135
689	25847
690	30424
691	29035
692	21546
693	26602
694	36330
695	31607
696	38028
697	30575
698	26594
699	29110
700	29222
701	30650
702	26176
703	33995
704	26557
705	30854
706	25464
707	31427
708	42575
709	31172
710	44834
711	25124
712	36175
713	21724
714	31720
715	42553
716	36877
717	24121
718	33624
719	6913
720	9294
721	25025
722	26276
723	24826
724	29777
725	26050
726	30849
727	26292
728	30906
729	25648
730	29081
731	36755
732	24667
733	25821
734	36851
735	35136
736	43826
737	26808
738	25201
739	27216
740	24398
741	34642
742	24287
743	27230
744	28835
745	33896
746	27287
747	25367
748	46696
749	42736
750	28781
751	24716
752	28129
753	21748
754	28733
755	31675
756	21984
757	21370
758	45975
759	38021
760	21352
761	21673
762	30908
763	25243
764	34817
765	24824
766	24126
767	25944
768	24132
769	29216
770	28609
771	27333
772	24838
773	24066
774	28922
775	33215
776	27499
777	35130
778	23064
779	30365
780	21683
781	28580
782	27702
783	25714
784	24967
785	22691
786	26309
787	27423
788	25329
789	30499
790	25941
791	24449
792	25926
793	33278
794	35940
795	21548
796	27541
797	23847
798	24980
799	21684
800	29326
801	18124
802	26796
803	27252
804	33495
805	25753
806	18126
807	40619
808	31321
809	21686
810	24597
811	27431
812	43458
813	25273
814	30513
815	37164
816	29021
817	26193
818	40172
819	46490
820	24224
821	24017
822	25804
823	27766
824	37077
825	42707
826	44273
827	28413
828	34061
829	26561
830	21457
831	26704
832	32392
833	45264
834	32892
835	30691
836	46153
837	46469
838	4249
839	27920
840	24482
841	24269
842	33869
843	28066
844	30700
845	26360
846	24166
847	46489
848	26830
849	28329
850	27719
851	44146
852	24918
853	43011
854	28007
855	24481
856	36290
857	24994
858	21480
859	24220
860	33716
861	45735
862	42083
863	31691
864	25331
865	28750
866	44225
867	35377
868	24114
869	35128
870	24050
871	27981
872	31116
873	24078
874	28773
875	41093
876	21481
877	42338
878	27481
879	27138
880	30898
881	27386
882	29453
883	26556
884	25515
885	26497
886	24186
887	29521
888	23939
889	40133
890	32509
891	26372
892	39653
893	22914
894	25422
895	27851
896	24468
897	29197
898	26583
899	42214
900	41790
901	46484
902	21509
903	24665
904	24294
905	27980
906	25586
907	36903
908	24035
909	29298
910	26352
911	27410
912	32155
913	25533
914	23096
915	25011
916	46051
917	25366
918	30808
919	41878
920	27376
921	28476
922	23993
923	23884
924	46375
925	27000
926	33011
927	27897
928	37414
929	28650
930	30583
931	41881
932	36740
933	24323
934	29335
935	30980
936	26422
937	30472
938	38941
939	33637
940	25986
941	26029
942	24115
943	25189
944	31768
945	21736
946	39025
947	24255
948	24549
949	27002
950	37035
951	37347
952	28630
953	25155
954	37406
955	28405
956	31855
957	27380
958	24642
959	29464
960	26910
961	28820
962	45916
963	21487
964	25421
965	24995
966	23054
967	24053
968	24805
969	33529
970	18128
971	35277
972	36047
973	26754
974	24540
975	26948
976	47057
977	21419
978	25504
979	40881
980	30560
981	25074
982	30146
983	25113
984	26339
985	33871
986	37252
987	28442
988	28840
989	25251
990	33942
991	28166
992	27125
993	26690
994	37571
995	26917
996	45148
997	24011
998	25324
999	24870
1000	21590
1001	37518
1002	44189
1003	24790
1004	35276
1005	24328
1006	27236
1007	32757
1008	24073
1009	24153
1010	46090
1011	37842
1012	24213
1013	27445
1014	37762
1015	41639
1016	27735
1017	44163
1018	24139
1019	24989
1020	49189
1021	24023
1022	45846
1023	26094
1024	22001
1025	24884
1026	26998
1027	31962
1028	25993
1029	43233
1030	29436
1031	37171
1032	42616
1033	36873
1034	27710
1035	21485
1036	28270
1037	34967
1038	25827
1039	27590
1040	36983
1041	33630
1042	25974
1043	40274
1044	36234
1045	31683
1046	25192
1047	30279
1048	30599
1049	24234
1050	28225
1051	24796
1052	26464
1053	37276
1054	25961
1055	26485
1056	34734
1057	31062
1058	33061
1059	35993
1060	26487
1061	28103
1062	25122
1063	33989
1064	32063
1065	37649
1066	26683
1067	44452
1068	24331
1069	24038
1070	26774
1071	39898
1072	26833
1073	25494
1074	31142
1075	32635
1076	4355
1077	34082
1078	41342
1079	28363
1080	30943
1081	29099
1082	36285
1083	21439
1084	26057
1085	24572
1086	34438
1087	21418
1088	39431
1089	35436
1090	24689
1091	31455
1092	24218
1093	42151
1094	41547
1095	32752
1096	47197
1097	40679
1098	29350
1099	43074
1100	34426
1101	39918
1102	23947
1103	25035
1104	38752
1105	32234
1106	26328
1107	36021
1108	30664
1109	24147
1110	37986
1111	25498
1112	36489
1113	37862
1114	43514
1115	21444
1116	18131
1117	31017
1118	41127
1119	25811
1120	25435
1121	25003
1122	29341
1123	27505
1124	25721
1125	24803
1126	24909
1127	44884
1128	31099
1129	26632
1130	25697
1131	24122
1132	37924
1133	33161
1134	28257
1135	32400
1136	36933
1137	2535
1138	28318
1139	27907
1140	25416
1141	30879
1142	24034
1143	30190
1144	21514
1145	32336
1146	29333
1147	30516
1148	41793
1149	24022
1150	39108
1151	28050
1152	27004
1153	29857
1154	28541
1155	650
1156	31032
1157	44211
1158	33333
1159	30800
1160	27593
1161	28480
1162	26168
1163	27852
1164	31756
1165	30165
1166	32130
1167	32931
1168	27979
1169	43199
1170	38313
1171	37909
1172	24037
1173	35801
1174	46531
1175	27832
1176	27839
1177	32159
1178	48081
1179	29550
1180	41557
1181	29387
1182	26185
1183	34768
1184	40638
1185	37575
1186	31367
1187	30960
1188	24670
1189	24058
1190	27613
1191	24855
1192	26752
1193	43953
1194	27006
1195	27412
1196	34367
1197	44102
1198	31197
1199	32800
1200	35197
1201	46924
1202	3778
1203	45122
1204	32559
1205	21924
1206	44327
1207	44212
1208	32171
1209	26039
1210	26773
1211	25514
1212	23978
1213	27762
1214	26205
1215	34597
1216	29749
1217	28207
1218	46501
1219	31916
1220	25268
1221	28131
1222	25227
1223	29838
1224	37369
1225	25137
1226	39665
1227	46786
1228	33903
1229	31721
1230	24039
1231	25617
1232	23965
1233	26512
1234	27199
1235	34012
1236	28738
1237	40534
1238	29251
1239	41628
1240	33544
1241	3836
1242	24300
1243	21789
1244	36224
1245	27906
1246	28538
1247	26516
1248	35771
1249	28603
1250	26612
1251	25724
1252	35677
1253	22679
1254	22672
1255	25840
1256	30648
1257	27203
1258	25859
1259	26710
1260	43439
1261	26285
1262	27805
1263	29379
1264	37611
1265	42764
1266	24225
1267	24638
1268	30608
1269	28423
1270	24804
1271	29408
1272	34311
1273	21693
1274	28272
1275	29296
1276	26495
1277	24509
1278	27026
1279	28430
1280	29306
1281	26245
1282	25477
1283	42817
1284	34152
1285	29764
1286	31603
1287	24599
1288	38994
1289	30686
1290	24370
1291	29754
1292	31904
1293	27322
1294	27894
1295	24767
1296	27184
1297	24474
1298	25437
1299	26832
1300	25345
1301	29322
1302	44368
1303	27490
1304	28643
1305	45783
1306	32069
1307	34570
1308	26821
1309	31389
1310	24496
1311	25228
1312	28461
1313	32742
1314	37608
1315	24883
1316	31261
1317	19296
1318	6179
1319	21525
1320	26755
1321	22670
1322	42383
1323	43352
1324	25546
1325	38963
1326	32730
1327	37684
1328	24878
1329	38944
1330	28072
1331	28434
1332	33244
1333	26994
1334	46184
1335	28384
1336	35312
1337	27681
1338	32927
1339	28065
1340	21983
1341	21368
1342	37907
1343	18155
1344	25358
1345	33114
1346	37162
1347	24002
1348	25992
1349	18147
1350	25990
1351	26437
1352	23964
1353	27442
1354	34934
1355	32999
1356	42046
1357	37109
1358	30139
1359	46410
1360	36026
1361	24849
1362	33758
1363	24144
1364	33909
1365	29755
1366	24582
1367	24171
1368	26383
1369	31349
1370	23042
1371	43114
1372	27250
1373	25653
1374	29115
1375	24005
1376	38723
1377	24307
1378	30303
1379	31398
1380	29967
1381	32981
1382	38607
1383	33542
1384	28123
1385	28299
1386	33873
1387	45864
1388	42443
1389	25348
1390	35467
1391	36174
1392	21677
1393	28426
1394	42010
1395	24961
1396	26371
1397	36878
1398	36031
1399	48248
1400	40667
1401	5878
1402	36879
1403	26982
1404	28943
1405	25031
1406	29628
1407	35688
1408	24976
1409	32941
1410	28698
1411	21943
1412	28090
1413	25266
1414	27628
1415	33384
1416	40536
1417	25397
1418	21752
1419	24808
1420	25962
1421	32010
1422	24151
1423	27526
1424	21938
1425	25690
1426	30311
1427	31066
1428	25264
1429	23971
1430	28661
1431	36009
1432	26684
1433	21558
1434	36417
1435	40360
1436	36325
1437	25779
1438	25223
1439	41858
1440	36763
1441	31146
1442	29735
1443	23895
1444	46491
1445	36104
1446	25390
1447	27860
1448	32415
1449	32916
1450	30255
1451	21628
1452	26404
1453	30307
1454	25499
1455	35386
1456	26270
1457	35622
1458	26864
1459	24081
1460	21473
1461	24110
1462	29179
1463	34442
1464	38280
1465	29068
1466	27302
1467	40051
1468	23945
1469	30511
1470	34106
1471	42844
1472	21606
1473	33007
1474	33021
1475	35833
1476	24285
1477	24378
1478	38358
1479	34786
1480	33414
1481	24232
1482	27723
1483	27725
1484	24046
1485	26000
1486	41758
1487	21379
1488	38622
1489	25073
1490	38750
1491	28596
1492	24374
1493	44165
1494	40354
1495	32057
1496	24358
1497	28974
1498	25248
1499	28030
1500	33448
1501	43793
1502	40029
1503	24414
1504	41356
1505	32046
1506	33135
1507	25284
1508	30692
1509	25063
1510	44518
1511	35795
1512	43484
1513	27539
1514	23902
1515	44240
1516	42579
1517	31893
1518	18132
1519	25452
1520	44925
1521	31310
1522	26671
1523	31004
1524	25667
1525	38673
1526	27937
1527	34478
1528	25191
1529	31291
1530	30593
1531	33204
1532	36141
1533	26180
1534	25033
1535	24135
1536	25634
1537	25750
1538	27968
1539	35122
1540	29607
1541	34573
1542	44902
1543	30280
1544	25924
1545	36322
1546	25752
1547	27189
1548	26637
1549	29246
1550	25168
1551	39103
1552	38024
1553	27363
1554	35145
1555	21708
1556	44372
1557	34263
1558	24025
1559	25314
1560	42505
1561	26882
1562	45569
1563	24195
1564	28491
1565	21790
1566	24662
1567	25070
1568	38318
1569	27359
1570	38565
1571	26099
1572	26085
1573	32808
1574	31101
1575	26529
1576	28164
1577	31562
1578	37079
1579	27592
1580	29603
1581	25269
1582	32840
1583	23981
1584	28114
1585	29452
1586	35108
1587	43043
1588	24158
1589	24048
1590	23892
1591	26937
1592	36621
1593	24841
1594	33966
1595	26215
1596	26447
1597	24008
1598	37982
1599	24001
1600	37331
1601	28988
1602	2386
1603	31902
1604	28016
1605	25095
1606	36833
1607	22067
1608	29486
1609	24498
1610	31763
1611	34219
1612	33998
1613	27227
1614	21705
1615	30696
1616	43104
1617	25814
1618	27700
1619	38676
1620	27315
1621	35541
1622	26880
1623	24847
1624	24024
1625	27375
1626	37044
1627	24815
1628	36512
1629	24896
1630	29017
1631	34116
1632	29710
1633	43509
1634	24091
1635	37873
1636	31571
1637	33022
1638	31071
1639	24123
1640	25925
1641	37095
1642	27354
1643	25829
1644	28451
1645	43869
1646	36913
1647	29039
1648	27020
1649	31473
1650	36270
1651	37889
1652	25002
1653	25983
1654	37068
1655	24890
1656	36461
1657	26449
1658	33557
1659	26367
1660	28283
1661	45260
1662	33027
1663	27588
1664	23078
1665	34324
1666	30241
1667	28168
1668	42669
1669	43134
1670	32856
1671	42086
1672	34785
1673	38542
1674	34343
1675	28954
1676	31545
1677	36268
1678	21378
1679	27984
1680	25311
1681	29029
1682	25285
1683	42832
1684	31020
1685	32707
1686	31272
1687	32636
1688	27679
1689	26610
1690	24273
1691	25225
1692	31202
1693	20584
1694	27040
1695	24919
1696	25773
1697	34362
1698	39090
1699	25776
1700	27501
1701	27750
1702	29541
1703	24586
1704	26060
1705	21731
1706	26510
1707	29594
1708	24673
1709	28046
1710	24350
1711	29278
1712	30468
1713	28043
1714	23970
1715	31579
1716	24117
1717	24149
1718	35498
1719	25745
1720	31800
1721	28338
1722	26439
1723	24243
1724	40109
1725	26421
1726	40431
1727	27273
1728	25842
1729	32191
1730	37872
1731	34898
1732	38596
1733	41236
1734	24943
1735	29407
1736	34409
1737	30588
1738	43196
1739	38074
1740	24339
1741	30477
1742	26667
1743	38227
1744	21527
1745	28597
1746	23095
1747	24584
1748	40671
1749	21968
1750	34974
1751	28265
1752	26220
1753	22675
1754	30775
1755	33176
1756	27280
1757	33956
1758	25569
1759	21445
1760	45074
1761	21760
1762	25041
1763	30851
1764	24327
1765	26876
1766	18145
1767	29868
1768	21971
1769	44877
1770	21613
1771	30979
1772	27999
1773	38509
1774	46276
1775	29355
1776	27348
1777	25495
1778	44158
1779	24326
1780	38741
1781	24491
1782	32571
1783	22109
1784	32108
1785	33629
1786	21622
1787	36703
1788	30601
1789	28902
1790	31931
1791	21769
1792	31776
1793	13515
1794	42880
1795	28758
1796	48296
1797	27974
1798	24170
1799	37640
1800	25967
1801	21428
1802	24254
1803	38909
1804	26403
1805	42200
1806	26243
1807	42483
1808	26240
1809	31998
1810	21399
1811	26526
1812	25766
1813	29627
1814	25633
1815	27454
1816	32047
1817	28971
1818	2249
1819	4353
1820	7237
1821	2649
1822	41844
1823	32699
1824	35106
1825	29887
1826	24067
1827	26991
1828	27626
1829	28075
1830	32731
1831	27640
1832	24338
1833	25194
1834	37124
1835	24385
1836	25830
1837	32704
1838	29507
1839	39014
1840	33715
1841	26044
1842	37374
1843	34645
1844	24935
1845	24047
1846	25340
1847	26017
1848	32928
1849	27693
1850	26506
1851	34574
1852	26239
1853	18157
1854	34412
1855	34923
1856	26685
1857	45867
1858	27170
1859	41266
1860	29386
1861	35981
1862	30570
1863	32821
1864	28071
1865	36341
1866	29027
1867	31888
1868	38353
1869	39819
1870	27655
1871	26030
1872	18135
1873	33719
1874	28210
1875	23989
1876	25252
1877	33269
1878	29075
1879	21371
1880	34376
1881	26327
1882	31253
1883	38233
1884	27508
1885	27828
1886	35687
1887	27554
1888	25838
1889	36574
1890	30519
1891	24657
1892	24207
1893	39248
1894	25335
1895	28127
1896	34739
1897	30678
1898	6496
1899	2571
1900	2301
1901	49357
1902	25751
1903	28154
1904	30697
1905	34025
1906	25855
1907	25326
1908	39664
1909	23937
1910	26944
1911	28594
1912	24278
1913	33935
1914	36999
1915	37261
1916	38778
1917	24329
1918	30296
1919	24301
1920	6334
1921	45251
1922	31188
1923	30228
1924	33190
1925	28247
1926	24244
1927	26792
1928	25801
1929	34468
1930	31153
1931	37905
1932	29460
1933	18156
1934	18151
1935	18146
1936	30826
1937	24489
1938	40021
1939	28610
1940	25642
1941	21770
1942	28204
1943	31014
1944	25658
1945	26859
1946	39218
1947	40939
1948	27716
1949	43686
1950	21476
1951	44166
1952	28901
1953	44494
1954	40369
1955	23986
1956	29644
1957	29480
1958	21433
1959	27196
1960	33970
1961	34239
1962	21362
1963	25619
1964	44289
1965	28088
1966	36701
1967	44943
1968	31015
1969	36112
1970	34901
1971	21380
1972	25200
1973	34066
1974	25263
1975	27441
1976	21920
1977	26634
1978	29765
1979	28425
1980	28800
1981	25854
1982	24133
1983	38395
1984	26354
1985	40283
1986	41977
1987	18122
1988	31803
1989	31531
1990	31218
1991	44271
1992	24881
1993	32026
1994	23997
1995	25749
1996	36567
1997	27162
1998	24100
1999	38319
2000	36263
2001	31107
2002	32639
2003	18104
2004	24675
2005	29271
2006	37019
2007	26978
2008	40587
2009	26448
2010	26291
2011	26488
2012	26517
2013	24825
2014	31209
2015	2742
2016	36836
2017	30514
2018	33796
2019	29074
2020	24703
2021	6638
2022	2324
2023	2544
2024	4007
2025	6580
2026	5002
2027	215
2028	11297
2029	2412
2030	4229
2031	4628
2032	2369
2033	3982
2034	3981
2035	33604
2036	43666
2037	41253
2038	26932
2039	37950
2040	38070
2041	31585
2042	25844
2043	32681
2044	36469
2045	24044
2046	24845
2047	29279
2048	27650
2049	28466
2050	33646
2051	24950
2052	30007
2053	27262
2054	36017
2055	30978
2056	18144
2057	29336
2058	21450
2059	24953
2060	31853
2061	30990
2062	34789
2063	32279
2064	39425
2065	21422
2066	27919
2067	28898
2068	35180
2069	24127
2070	27578
2071	25657
2072	29235
2073	24164
2074	26544
2075	32703
2076	32133
2077	30441
2078	37586
2079	30476
2080	31839
2081	25509
2082	25196
2083	26070
2084	26093
2085	24687
2086	22678
2087	31357
2088	27385
2089	23854
2090	43728
2091	33502
2092	26732
2093	27067
2094	29996
2095	37981
2096	26763
2097	37217
2098	32896
2099	28195
2100	26459
2101	24242
2102	34211
2103	24784
2104	29713
2105	33811
2106	30745
2107	7130
2108	30150
2109	39077
2110	21411
2111	30984
2112	26572
2113	32514
2114	227
2115	45161
2116	45209
2117	39094
2118	39852
2119	31006
2120	27522
2121	38913
2122	30179
2123	38725
2124	26689
2125	24249
2126	21361
2127	32432
2128	29437
2129	31900
2130	31383
2131	42063
2132	25969
2133	25516
2134	26686
2135	34220
2136	28497
2137	40748
2138	23955
2139	43734
2140	26271
2141	24086
2142	30769
2143	39444
2144	25798
2145	35425
2146	7378
2147	7735
2148	3222
2149	32261
2150	26853
2151	31059
2152	41634
2153	33293
2154	32394
2155	34029
2156	29614
2157	25669
2158	46078
2159	34047
2160	28060
2161	30578
2162	46057
2163	28420
2164	33033
2165	31428
2166	31823
2167	27986
2168	33430
2169	39647
2170	34878
2171	32298
2172	32097
2173	31251
2174	34704
2175	25824
2176	24763
2177	30985
2178	25242
2179	42793
2180	32959
2181	37661
2182	36172
2183	33949
2184	10258
2185	30128
2186	28745
2187	40347
2188	31206
2189	27055
2190	31523
2191	32611
2192	31401
2193	30853
2194	31214
2195	21376
2196	37273
2197	21738
2198	33881
2199	39092
2200	29286
2201	34071
2202	33287
2203	23983
2204	25144
2205	33055
2206	28459
2207	26779
2208	27503
2209	33713
2210	33429
2211	25511
2212	29867
2213	27235
2214	35231
2215	31788
2216	37199
2217	35244
2218	32329
2219	18081
2220	28959
2221	25781
2222	41267
2223	40218
2224	32701
2225	32173
2226	41187
2227	26812
2228	32933
2229	25071
2230	26267
2231	27426
2232	31913
2233	41394
2234	38373
2235	24198
2236	31194
2237	25001
2238	40831
2239	38037
2240	44484
2241	24063
2242	27925
2243	21421
2244	28782
2245	24754
2246	32302
2247	30740
2248	42150
2249	40108
2250	30486
2251	21719
2252	29982
2253	25357
2254	21354
2255	23883
2256	21510
2257	44668
2258	46446
2259	30647
2260	23036
2261	24155
2262	24828
2263	33090
2264	26206
2265	38951
2266	23862
2267	34049
2268	28416
2269	27446
2270	21933
2271	23950
2272	39795
2273	35380
2274	38344
2275	21423
2276	26528
2277	32436
2278	32259
2279	41097
2280	25722
2281	25934
2282	45133
2283	21413
2284	36491
2285	40006
2286	32390
2287	45986
2288	33662
2289	18137
2290	36096
2291	33316
2292	28923
2293	25453
2294	24060
2295	31681
2296	26564
2297	42860
2298	26708
2299	25940
2300	45866
2301	25849
2302	24680
2303	23874
2304	21665
2305	34977
2306	35095
2307	26204
2308	29972
2309	28224
2310	27192
2311	23869
2312	43897
2313	32988
2314	25582
2315	30616
2316	37225
2317	27530
2318	29859
2319	24681
2320	31019
2321	38558
2322	18474
2323	33272
2324	38991
2325	26252
2326	27654
2327	38630
2328	24120
2329	24789
2330	28930
2331	23865
2332	32252
2333	38067
2334	24084
2335	40415
2336	28061
2337	24781
2338	27699
2339	29428
2340	36291
2341	28191
2342	33394
2343	29268
2344	26771
2345	24705
2346	29847
2347	26307
2348	28579
2349	28289
2350	45406
2351	33690
2352	30374
2353	24715
2354	29047
2355	28439
2356	33240
2357	24957
2358	27551
2359	29733
2360	30973
2361	30339
2362	34013
2363	38943
2364	26705
2365	44381
2366	30779
2367	29045
2368	26681
2369	27646
2370	28024
2371	33225
2372	32940
2373	21449
2374	39390
2375	32653
2376	26238
2377	23966
2378	31737
2379	33191
2380	39116
2381	27656
2382	28070
2383	21425
2384	23903
2385	40411
2386	26669
2387	32529
2388	38018
2389	25596
2390	26043
2391	31692
2392	31117
2393	40634
2394	31996
2395	35416
2396	34847
2397	32562
2398	39950
2399	32126
2400	40704
2401	23999
2402	45869
2403	32245
2404	25507
2405	24202
2406	25271
2407	24577
2408	24822
2409	21566
2410	31156
2411	30367
2412	28347
2413	24604
2414	26486
2415	37091
2416	21511
2417	25182
2418	24375
2419	26712
2420	28219
2421	34285
2422	32643
2423	35584
2424	28783
2425	25835
2426	28548
2427	3859
2428	31421
2429	29714
2430	25343
2431	28298
2432	21741
2433	21559
2434	27220
2435	24160
2436	27636
2437	40888
2438	44530
2439	9423
2440	6809
2441	21778
2442	33804
2443	27128
2444	34672
2445	42113
2446	45185
2447	27717
2448	38600
2449	36440
2450	26233
2451	18134
2452	29421
2453	25006
2454	26766
2455	21986
2456	29533
2457	45057
2458	32169
2459	24018
2460	27045
2461	27347
2462	31733
2463	21518
2464	25306
2465	27875
2466	29552
2467	31093
2468	24710
2469	21526
2470	43253
2471	38271
2472	29945
2473	30429
2474	28804
2475	30490
2476	24131
2477	24165
2478	30930
2479	38945
2480	26171
2481	45290
2482	34437
2483	30679
2484	26967
2485	25125
2486	34040
2487	24200
2488	24702
2489	21377
2490	24773
2491	36387
2492	31560
2493	21659
2494	27972
2495	32923
2496	25641
2497	29106
2498	34976
2499	24898
2500	32977
2501	38007
2502	37145
2503	34084
2504	32300
2505	24894
2506	24706
2507	26069
2508	39688
2509	26052
2510	27731
2511	21429
2512	26768
2513	22684
2514	27518
2515	30416
2516	35961
2517	27631
2518	31074
2519	32990
2520	29215
2521	31055
2522	27407
2523	27249
2524	7736
2525	2822
2526	7732
2527	7229
2528	6629
2529	6892
2530	6596
2531	2323
2532	4192
2533	4938
2534	2835
2535	6725
2536	2311
2537	7146
2538	3416
2539	3546
2540	4790
2541	25059
2542	37984
2543	30236
2544	26605
2545	35730
2546	26442
2547	19314
2548	28212
2549	31456
2550	29845
2551	38782
2552	24887
2553	33421
2554	21538
2555	24324
2556	39790
2557	31213
2558	39968
2559	42642
2560	28260
2561	39603
2562	31364
2563	28546
2564	28028
2565	9351
2566	44758
2567	39141
2568	30504
2569	27749
2570	39381
2571	31150
2572	24138
2573	24226
2574	18114
2575	40316
2576	31570
2577	18136
2578	18133
2579	27713
2580	30481
2581	38222
2582	29493
2583	31198
2584	25817
2585	24417
2586	28992
2587	36976
2588	37456
2589	33741
2590	28591
2591	34514
2592	27480
2593	27483
2594	31039
2595	39516
2596	23873
2597	33767
2598	26935
2599	25405
2600	26673
2601	33466
2602	27625
2603	27517
2604	25336
2605	24555
2606	37175
2607	23972
2608	37799
2609	25190
2610	36510
2611	34203
2612	44984
2613	26551
2614	24873
2615	27260
2616	24985
2617	21416
2618	24695
2619	33132
2620	32868
2621	27857
2622	26088
2623	35748
2624	31184
2625	23990
2626	32207
2627	27642
2628	41752
2629	33080
2630	39490
2631	21556
2632	27247
2633	37951
2634	40923
2635	37770
2636	40201
2637	25747
2638	25502
2639	43533
2640	25017
2641	28222
2642	25279
2643	25259
2644	25587
2645	38528
2646	24794
2647	30130
2648	30875
2649	30443
2650	34020
2651	42530
2652	31361
2653	35887
2654	34410
2655	26679
2656	34507
2657	18082
2658	40428
2659	28217
2660	26472
2661	28849
2662	25447
2663	27352
2664	32721
2665	35504
2666	27965
2667	38035
2668	30941
2669	32688
2670	24029
2671	34052
2672	24440
2673	24993
2674	32566
2675	26007
2676	26450
2677	49245
2678	21773
2679	39612
2680	27698
2681	25995
2682	33501
2683	26584
2684	24246
2685	21408
2686	33870
2687	35768
2688	27106
2689	31476
2690	35660
2691	24876
2692	39536
2693	30204
2694	21489
2695	29924
2696	32873
2697	35749
2698	30053
2699	22084
2700	31629
2701	26174
2702	25172
2703	32545
2704	29554
2705	23876
2706	30340
2707	38013
2708	24503
2709	32094
2710	26938
2711	37636
2712	25114
2713	27682
2714	30385
2715	27027
2716	24093
2717	24052
2718	27842
2719	29499
2720	28048
2721	34535
2722	35405
2723	25736
2724	30498
2725	29297
2726	31446
2727	26494
2728	27697
2729	24322
2730	25731
2731	29255
2732	26615
2733	33122
2734	36060
2735	25415
2736	10228
2737	27536
2738	40247
2739	32809
2740	31439
2741	35070
2742	29843
2743	29346
2744	24351
2745	34706
2746	21660
2747	5901
2748	32209
2749	28793
2750	38274
2751	39436
2752	32065
2753	27622
2754	24312
2755	21448
2756	37264
2757	44419
2758	25975
2759	28394
2760	30507
2761	29897
2762	26284
2763	39429
2764	41346
2765	34866
2766	24235
2767	36817
2768	39916
2769	28680
2770	28567
2771	24760
2772	26870
2773	28623
2774	26934
2775	32266
2776	35519
2777	30488
2778	28163
2779	31830
2780	2319
2781	37397
2782	31887
2783	45825
2784	23122
2785	43941
2786	37443
2787	26249
2788	35607
2789	27293
2790	25740
2791	26066
2792	26490
2793	28522
2794	29835
2795	26019
2796	21681
2797	24787
2798	7630
2799	4547
2800	25857
2801	31602
2802	33817
2803	25156
2804	24979
2805	36167
2806	39301
2807	25563
2808	36539
2809	21967
2810	45936
2811	33284
2812	24292
2813	29606
2814	26926
2815	21785
2816	28614
2817	26498
2818	44903
2819	27883
2820	26931
2821	32698
2822	43684
2823	43832
2824	21415
2825	34984
2826	24304
2827	42416
2828	34987
2829	34381
2830	32745
2831	27244
2832	24004
2833	26958
2834	39336
2835	36471
2836	33207
2837	26065
2838	23951
2839	25680
2840	36996
2841	25023
2842	38361
2843	39773
2844	23944
2845	29247
2846	24268
2847	35984
2848	23881
2849	39175
2850	27427
2851	33602
2852	25319
2853	33569
2854	24864
2855	29781
2856	34796
2857	34169
2858	21783
2859	39620
2860	30559
2861	42830
2862	36482
2863	30997
2864	25994
2865	24852
2866	31519
2867	3864
2868	27425
2869	31377
2870	25719
2871	35965
2872	28365
2873	34074
2874	32242
2875	24872
2876	35390
2877	26665
2878	32445
2879	33847
2880	30480
2881	33552
2882	31386
2883	25968
2884	31344
2885	31103
2886	23094
2887	36956
2888	27420
2889	36525
2890	26111
2891	25808
2892	31239
2893	32893
2894	32311
2895	28047
2896	31097
2897	34482
2898	24194
2899	33064
2900	34791
2901	27649
2902	25233
2903	28945
2904	33671
2905	43667
2906	30670
2907	28798
2908	34533
2909	26969
2910	28973
2911	44013
2912	26266
2913	27403
2914	23976
2915	25660
2916	21956
2917	24557
2918	32362
2919	31009
2920	28153
2921	29511
2922	27657
2923	21772
2924	39919
2925	26048
2926	25459
2927	28311
2928	25065
2929	36135
2930	25318
2931	24648
2932	24974
2933	30924
2934	30680
2935	32758
2936	32629
2937	37310
2938	25841
2939	37099
2940	31024
2941	24152
2942	26952
2943	36308
2944	45937
2945	36399
2946	32844
2947	25426
2948	29481
2949	25727
2950	28122
2951	21580
2952	29397
2953	39475
2954	45250
2955	21365
2956	37170
2957	21754
2958	45227
2959	28243
2960	24196
2961	24499
2962	29717
2963	30972
2964	18109
2965	26296
2966	24382
2967	26835
2968	18105
2969	24192
2970	25928
2971	32551
2972	21944
2973	44683
2974	45449
2975	25064
2976	26128
2977	15281
2978	26563
2979	44344
2980	42683
2981	24965
2982	37498
2983	32663
2984	24137
2985	26568
2986	21768
2987	37839
2988	32714
2989	26482
2990	6664
2991	24051
2992	25030
2993	38068
2994	39154
2995	27621
2996	34496
2997	31047
2998	30774
2999	24209
3000	37825
3001	37389
3002	35233
3003	37269
3004	24097
3005	25325
3006	23988
3007	26090
3008	26022
3009	24026
3010	38213
3011	34483
3012	44055
3013	28025
3014	21787
3015	27532
3016	32060
3017	29619
3018	24713
3019	29964
3020	24583
3021	28137
3022	27934
3023	42123
3024	44386
3025	31661
3026	30792
3027	32536
3028	1444
3029	31322
3030	29010
3031	25276
3032	27543
3033	43355
3034	29256
3035	24913
3036	25131
3037	40227
3038	30387
3039	21953
3040	25188
3041	45710
3042	39712
3043	24141
3044	26272
3045	26484
3046	43699
3047	23053
3048	26382
3049	25050
3050	28868
3051	25673
3052	36118
3053	27563
3054	34629
3055	41170
3056	33345
3057	27476
3058	43875
3059	43727
3060	25383
3061	28917
3062	24645
3063	43758
3064	26178
3065	30888
3066	25688
3067	45118
3068	43685
3069	32513
3070	34761
3071	45503
3072	32863
3073	33283
3074	42302
3075	39614
3076	25739
3077	35238
3078	34555
3079	31060
3080	34187
3081	28087
3082	41457
3083	29727
3084	39454
3085	41891
3086	25280
3087	25361
3088	25510
3089	29938
3090	30992
3091	24289
3092	30983
3093	28034
3094	33076
3095	24658
3096	25341
3097	24383
3098	29064
3099	37935
3100	30693
3101	36324
3102	28521
3103	5096
3104	4866
3105	2368
3106	4705
3107	4789
3108	26005
3109	29762
3110	29193
3111	28077
3112	43475
3113	26522
3114	3472
3115	26087
3116	37567
3117	30256
3118	38724
3119	26901
3120	25436
3121	31554
3122	26014
3123	21388
3124	28006
3125	32254
3126	29597
3127	26318
3128	44858
3129	32070
3130	30971
3131	38304
3132	27528
3133	33228
3134	38310
3135	29814
3136	21382
3137	26656
3138	31419
3139	24168
3140	26188
3141	28543
3142	34059
3143	36625
3144	31212
3145	26408
3146	43467
3147	24284
3148	39291
3149	38544
3150	37688
3151	32438
3152	23896
3153	28229
3154	31479
3155	24497
3156	27217
3157	27297
3158	29456
3159	33415
3160	31129
3161	37798
3162	41756
3163	30780
3164	27394
3165	26663
3166	30140
3167	32811
3168	28899
3169	31120
3170	26980
3171	25683
3172	30658
3173	35816
3174	24299
3175	21722
3176	18108
3177	27961
3178	23051
3179	33246
3180	29937
3181	35118
3182	36552
3183	40682
3184	27690
3185	40151
3186	30320
3187	21442
3188	31409
3189	33988
3190	21952
3191	41769
3192	39940
3193	25036
3194	30435
3195	30257
3196	43662
3197	25790
3198	28622
3199	37314
3200	25803
3201	21434
3202	30152
3203	25333
3204	31414
3205	26565
3206	41636
3207	39147
3208	28592
3209	21520
3210	17039
3211	23969
3212	21459
3213	26454
3214	28354
3215	21607
3216	26289
3217	25146
3218	31448
3219	34657
3220	43099
3221	38560
3222	32333
3223	30147
3224	3018
3225	25828
3226	23816
3227	26342
3228	34493
3229	29929
3230	23114
3231	24724
3232	29811
3233	37151
3234	36822
3235	34379
3236	30581
3237	32954
3238	6582
3239	7976
3240	4696
3241	3141
3242	6807
3243	6794
3244	6631
3245	3984
3246	4126
3247	4828
3248	3460
3249	7698
3250	2399
3251	27072
3252	36116
3253	36484
3254	34313
3255	26187
3256	43106
3257	28909
3258	25391
3259	25558
3260	27071
3261	31221
3262	43945
3263	29097
3264	30615
3265	43803
3266	24757
3267	43725
3268	32050
3269	23946
3270	30283
3271	24332
3272	27680
3273	25652
3274	27747
3275	26313
3276	27245
3277	24869
3278	28611
3279	25356
3280	32444
3281	41955
3282	25472
3283	26428
3284	27495
3285	27525
3286	25433
3287	29214
3288	40442
3289	28920
3290	34085
3291	32410
3292	26600
3293	39844
3294	33397
3295	40862
3296	35678
3297	24487
3298	31861
3299	28601
3300	32819
3301	30557
3302	22681
3303	25744
3304	25636
3305	4384
3306	24651
3307	37690
3308	21387
3309	41579
3310	25608
3311	24791
3312	34382
3313	34330
3314	43046
3315	32943
3316	25105
3317	40489
3318	34620
3319	34366
3320	39651
3321	25860
3322	29783
3323	31558
3324	29629
3325	25444
3326	27887
3327	41631
3328	33486
3329	33179
3330	32685
3331	35601
3332	39506
3333	23890
3334	25432
3335	31391
3336	32810
3337	30430
3338	28549
3339	31552
3340	42600
3341	31964
3342	39722
3343	43933
3344	34057
3345	33206
3346	33325
3347	29088
3348	26359
3349	28177
3350	25080
3351	41380
3352	40228
3353	33709
3354	33057
3355	26438
3356	25143
3357	30156
3358	36636
3359	33079
3360	35383
3361	25123
3362	36203
3363	25997
3364	33447
3365	23968
3366	36120
3367	35514
3368	24661
3369	26834
3370	29313
3371	36699
3372	26819
3373	24683
3374	31426
3375	26369
3376	21623
3377	43706
3378	28983
3379	23922
3380	34191
3381	26590
3382	30142
3383	27777
3384	24275
3385	30644
3386	33141
3387	48155
3388	26716
3389	41361
3390	27467
3391	42899
3392	31760
3393	27164
3394	23916
3395	31330
3396	24247
3397	27306
3398	37010
3399	40776
3400	35215
3401	30141
3402	30491
3403	29927
3404	26139
3405	32574
3406	32957
3407	42102
3408	32762
3409	23959
3410	42212
3411	29375
3412	32807
3413	28485
3414	26762
3415	37333
3416	33069
3417	33113
3418	28278
3419	44930
3420	30944
3421	30935
3422	25982
3423	41248
3424	27219
3425	30582
3426	42835
3427	28414
3428	27506
3429	32770
3430	25998
3431	43120
3432	24587
3433	39348
3434	28640
3435	26268
3436	35579
3437	24409
3438	28067
3439	31743
3440	27985
3441	26816
3442	27504
3443	21412
3444	21397
3445	34959
3446	31496
3447	24016
3448	48235
3449	41462
3450	39734
3451	34126
3452	6490
3453	25327
3454	32950
3455	25848
3456	27964
3457	31961
3458	26509
3459	37236
3460	28787
3461	25979
3462	37043
3463	29915
3464	44629
3465	32317
3466	39411
3467	48386
3468	26297
3469	26405
3470	45261
3471	21461
3472	38578
3473	40845
3474	24751
3475	26036
3476	25852
3477	37193
3478	33266
3479	31941
3480	29159
3481	38292
3482	28158
3483	27995
3484	32372
3485	25392
3486	32172
3487	38122
3488	24208
3489	28020
3490	43278
3491	24916
3492	29719
3493	24505
3494	28919
3495	25977
3496	25743
3497	41842
3498	30231
3499	42323
3500	33626
3501	25193
3502	33990
3503	25640
3504	35843
3505	25486
3506	23879
3507	34871
3508	29158
3509	25258
3510	42710
3511	36742
3512	39339
3513	39609
3514	24653
3515	24963
3516	33723
3517	34380
3518	35778
3519	309
3520	39783
3521	32019
3522	40059
3523	29882
3524	24889
3525	31492
3526	23110
3527	26749
3528	21523
3529	29101
3530	39238
3531	35449
3532	33764
3533	31237
3534	29207
3535	25108
3536	23949
3537	30584
3538	40243
3539	39232
3540	24736
3541	42665
3542	25799
3543	26477
3544	31185
3545	23998
3546	25564
3547	24476
3548	24099
3549	24014
3550	35758
3551	24727
3552	30738
3553	29865
3554	33072
3555	29725
3556	24233
3557	32075
3558	41910
3559	31498
3560	25081
3561	34518
3562	42708
3563	25388
3564	21682
3565	44839
3566	35532
3567	35114
3568	28900
3569	24525
3570	21763
3571	35950
3572	26027
3573	31804
3574	29531
3575	31056
3576	41467
3577	40765
3578	27090
3579	34269
3580	28791
3581	31031
3582	35245
3583	24419
3584	38644
3585	24199
3586	35724
3587	26672
3588	24649
3589	24080
3590	28744
3591	38211
3592	26406
3593	24829
3594	38748
3595	32306
3596	24857
3597	44890
3598	24027
3599	26456
3600	24821
3601	27378
3602	29767
3603	43235
3604	24231
3605	26946
3606	25929
3607	30886
3608	24858
3609	24313
3610	30373
3611	21644
3612	28520
3613	29793
3614	28372
3615	24548
3616	28044
3617	29548
3618	28721
3619	32441
3620	39652
3621	27718
3622	35066
3623	27240
3624	2456
3625	24560
3626	23742
3627	12909
3628	35201
3629	28320
3630	28557
3631	27452
3632	34975
3633	32325
3634	29696
3635	38762
3636	24336
3637	31122
3638	38519
3639	28015
3640	35508
3641	21564
3642	25312
3643	35169
3644	25468
3645	27007
3646	25609
3647	30887
3648	36307
3649	30810
3650	26963
3651	38601
3652	41085
3653	29465
3654	34117
3655	30952
3656	37718
3657	30049
3658	29479
3659	27377
3660	28396
3661	44205
3662	24975
3663	35686
3664	29211
3665	34474
3666	41001
3667	39707
3668	29786
3669	31738
3670	32510
3671	6583
3672	3412
3673	30003
3674	35548
3675	31624
3676	23116
3677	26691
3678	34766
3679	34397
3680	21716
3681	35640
3682	44693
3683	42426
3684	28089
3685	30564
3686	32032
3687	44576
3688	29928
3689	32347
3690	29962
3691	24677
3692	25198
3693	34733
3694	25337
3695	30492
3696	26078
3697	26295
3698	24546
3699	27911
3700	23035
3701	40191
3702	33189
3703	25732
3704	37871
3705	28349
3706	24103
3707	30489
3708	25239
3709	28411
3710	34835
3711	26920
3712	26466
3713	30425
3714	43036
3715	23975
3716	32308
3717	5836
3718	24464
3719	28152
3720	2584
3721	31460
3722	30649
3723	35806
3724	27276
3725	24028
3726	35468
3727	29388
3728	32249
3729	40474
3730	34241
3731	41296
3732	40927
3733	25323
3734	31709
3735	25237
3736	18088
3737	24511
3738	37004
3739	26194
3740	38739
3741	38874
3742	21561
3743	32187
3744	26441
3745	30455
3746	35874
3747	24319
3748	39007
3749	43441
3750	40016
3751	24501
3752	24366
3753	26869
3754	41300
3755	44453
3756	38740
3757	37153
3758	18103
3759	40914
3760	37028
3761	29875
3762	32382
3763	39079
3764	30736
3765	33744
3766	37934
3767	24032
3768	25187
3769	26918
3770	28544
3771	27221
3772	26979
3773	35319
3774	27728
3775	36601
3776	31778
3777	32535
3778	40440
3779	28313
3780	28600
3781	23104
3782	29617
3783	43899
3784	21777
3785	26460
3786	25321
3787	8626
3788	2411
3789	7223
3790	7199
3791	26858
3792	29698
3793	39307
3794	39074
3795	21780
3796	34447
3797	49055
3798	27950
3799	30199
3800	26715
3801	4412
3802	27139
3803	7661
3804	26888
3805	24204
3806	30883
3807	27652
3808	39016
3809	22913
3810	33774
3811	36614
3812	36421
3813	27865
3814	32850
3815	24606
3816	34562
3817	32801
3818	42070
3819	28537
3820	43611
3821	40890
3822	35980
3823	40992
3824	26794
3825	25127
3826	28262
3827	31490
3828	26589
3829	27868
3830	33766
3831	25012
3832	24522
3833	28556
3834	26682
3835	21458
3836	31012
3837	34517
3838	25520
3839	41764
3840	31078
3841	28264
3842	2640
3843	40830
3844	24744
3845	39223
3846	24393
3847	33417
3848	32691
3849	25815
3850	25738
3851	31707
3852	36032
3853	28091
3854	21962
3855	24520
3856	28084
3857	25539
3858	33290
3859	42122
3860	32271
3861	26609
3862	40366
3863	40034
3864	41458
3865	26255
3866	25219
3867	24229
3868	32544
3869	37895
3870	37222
3871	11267
3872	30822
3873	35520
3874	25455
3875	26298
3876	28428
3877	26430
3878	24372
3879	40603
3880	28312
3881	41811
3882	33976
3883	26089
3884	34418
3885	21649
3886	31615
3887	28418
3888	25378
3889	2814
3890	6508
3891	27473
3892	34270
3893	32899
3894	35877
3895	22671
3896	25082
3897	32309
3898	26567
3899	27336
3900	25116
3901	27413
3902	29630
3903	25440
3904	39138
3905	36876
3906	25795
3907	31619
3908	32383
3909	24719
3910	36092
3911	26603
3912	31770
3913	27270
3914	28545
3915	28175
3916	37173
3917	24951
3918	38934
3919	24679
3920	25810
3921	18091
3922	18086
3923	25222
3924	31076
3925	38832
3926	29191
3927	43195
3928	23915
3929	42187
3930	30268
3931	36998
3932	41664
3933	32109
3934	27079
3935	32053
3936	21506
3937	35876
3938	32371
3939	26092
3940	24072
3941	32727
3942	29113
3943	28481
3944	31254
3945	25320
3946	28998
3947	43436
3948	37488
3949	25465
3950	40563
3951	6868
3952	7326
3953	7186
3954	38362
3955	31119
3956	39547
3957	34763
3958	26993
3959	24197
3960	30915
3961	30080
3962	28547
3963	44488
3964	29726
3965	24598
3966	30666
3967	27660
3968	27411
3969	32067
3970	38112
3971	29581
3972	25570
3973	27453
3974	24674
3975	25042
3976	34264
3977	32665
3978	35811
3979	40444
3980	29449
3981	43144
3982	33099
3983	32669
3984	28509
3985	35293
3986	36424
3987	42219
3988	31530
3989	32719
3990	48997
3991	30683
3992	28671
3993	25195
3994	27070
3995	32289
3996	33281
3997	27878
3998	44057
3999	30662
4000	24271
4001	25376
4002	25639
4003	35100
4004	28865
4005	26997
4006	37964
4007	36966
4008	24801
4009	28965
4010	33093
4011	32642
4012	25226
4013	24733
4014	25496
4015	28031
4016	26153
4017	28079
4018	29758
4019	41206
4020	30982
4021	26051
4022	24780
4023	25953
4024	24928
4025	40505
4026	38043
4027	33172
4028	35544
4029	26432
4030	26519
4031	28073
4032	28754
4033	21587
4034	38593
4035	36993
4036	24296
4037	42895
4038	33086
4039	27012
4040	35644
4041	39719
4042	31522
4043	29287
4044	21761
4045	21612
4046	42580
4047	26860
4048	41781
4049	37384
4050	21573
4051	24353
4052	24125
4053	24513
4054	25687
4055	26966
4056	38594
4057	28180
4058	38206
4059	33049
4060	24140
4061	21435
4062	40686
4063	24157
4064	23891
4065	25484
4066	26541
4067	38268
4068	30493
4069	33358
4070	21576
4071	4584
4072	2726
4073	31896
4074	39782
4075	32203
4076	29751
4077	38295
4078	31794
4079	34709
4080	32620
4081	31070
4082	38392
4083	36551
4084	27115
4085	34852
4086	32331
4087	25044
4088	31220
4089	26604
4090	37210
4091	28939
4092	41269
4093	34222
4094	28882
4095	32393
4096	32030
4097	35298
4098	18079
4099	32890
4100	34328
4101	27812
4102	32713
4103	33422
4104	35301
4105	29108
4106	31327
4107	32226
4108	37673
4109	29033
4110	29842
4111	26440
4112	39259
4113	25091
4114	29031
4115	31924
4116	36328
4117	27817
4118	39774
4119	34787
4120	37371
4121	34481
4122	35229
4123	28937
4124	30904
4125	25708
4126	3718
4127	2812
4128	4409
4129	3469
4130	2209
4131	2815
4132	7983
4133	2382
4134	40836
4135	27552
4136	24938
4137	25441
4138	32632
4139	21974
4140	35093
4141	34841
4142	34583
4143	26757
4144	28221
4145	25147
4146	35442
4147	27288
4148	40093
4149	31234
4150	23974
4151	26822
4152	27720
4153	32603
4154	4385
4155	24930
4156	36974
4157	29504
4158	42765
4159	24188
4160	36349
4161	25579
4162	21373
4163	42485
4164	21565
4165	21737
4166	35316
4167	21985
4168	25723
4169	24222
4170	25816
4171	33850
4172	34735
4173	30277
4174	39872
4175	24096
4176	34323
4177	27991
4178	27620
4179	36138
4180	30910
4181	26353
4182	25240
4183	35777
4184	31369
4185	21491
4186	27448
4187	28306
4188	29753
4189	34227
4190	27765
4191	39500
4192	34103
4193	37380
4194	27801
4195	25231
4196	48343
4197	3651
4198	32227
4199	27163
4200	25623
4201	30351
4202	37519
4203	31630
4204	28700
4205	36888
4206	29438
4207	23960
4208	28021
4209	29065
4210	37963
4211	34051
4212	40391
4213	36975
4214	32591
4215	40627
4216	26897
4217	26941
4218	24862
4219	30931
4220	29164
4221	34446
4222	30294
4223	24070
4224	43551
4225	21678
4226	39526
4227	40080
4228	42155
4229	36536
4230	36419
4231	31859
4232	21497
4233	26783
4234	31765
4235	24769
4236	41034
4237	34198
4238	36505
4239	31718
4240	28710
4241	35792
4242	40377
4243	30070
4244	38613
4245	22690
4246	29092
4247	21460
4248	25612
4249	28999
4250	24527
4251	25260
4252	31454
4253	30512
4254	7719
4255	2261
4256	27296
4257	24009
4258	33959
4259	24416
4260	27973
4261	25529
4262	34038
4263	25313
4264	24850
4265	31416
4266	39049
4267	36188
4268	28362
4269	24944
4270	27043
4271	35352
4272	28502
4273	24526
4274	29369
4275	34000
4276	37506
4277	27768
4278	29311
4279	27443
4280	37503
4281	34486
4282	32193
4283	34717
4284	27298
4285	32386
4286	21475
4287	21704
4288	41012
4289	43468
4290	26545
4291	28124
4292	33058
4293	27367
4294	30495
4295	41632
4296	6572
4297	4359
4298	3291
4299	4437
4300	11155
4301	21784
4302	33901
4303	29011
4304	31286
4305	27461
4306	39032
4307	29804
4308	32206
4309	32652
4310	27773
4311	31354
4312	38474
4313	27537
4314	25034
4315	26898
4316	25111
4317	31166
4318	7393
4319	26560
4320	24433
4321	28913
4322	33103
4323	7356
4324	7680
4325	7317
4326	2340
4327	6758
4328	1309
4329	26300
4330	28709
4331	24286
4332	25523
4333	25038
4334	36186
4335	33039
4336	30178
4337	24065
4338	31656
4339	31679
4340	31193
4341	35657
4342	24305
4343	34703
4344	28500
4345	21495
4346	41578
4347	27464
4348	28305
4349	26532
4350	31736
4351	27686
4352	25330
4353	33948
4354	33420
4355	33321
4356	21498
4357	42110
4358	32875
4359	25202
4360	37785
4361	30177
4362	30446
4363	25338
4364	33795
4365	27465
4366	24656
4367	29896
4368	26769
4369	21477
4370	32221
4371	35167
4372	31196
4373	24836
4374	24750
4375	29454
4376	40199
4377	30479
4378	35667
4379	24932
4380	27078
4381	34244
4382	6607
4383	2730
4384	6912
4385	7605
4386	708
4387	7572
4388	2948
4389	37585
4390	25047
4391	26067
4392	24007
4393	24602
4394	25645
4395	28583
4396	21410
4397	30473
4398	35117
4399	38032
4400	34759
4401	31337
4402	25370
4403	26820
4404	26241
4405	3420
4406	7305
4407	1407
4408	2684
4409	4706
4410	4155
4411	8087
4412	29320
4413	31365
4414	34970
4415	37795
4416	49151
4417	30688
4418	39644
4419	34260
4420	21596
4421	37596
4422	6951
4423	7495
4424	7564
4425	2939
4426	24485
4427	25578
4428	36990
4429	48151
4430	35525
4431	39311
4432	28446
4433	24565
4434	25121
4435	21762
4436	21406
4437	27068
4438	31597
4439	28851
4440	21711
4441	29019
4442	30660
4443	30120
4444	29109
4445	30448
4446	28632
4447	9514
4448	7614
4449	28737
4450	34385
4451	30634
4452	21407
4453	30335
4454	31802
4455	28336
4456	34424
4457	24184
4458	27362
4459	25754
4460	32627
4461	23040
4462	38369
4463	31949
4464	36676
4465	25157
4466	29551
4467	21375
4468	21297
4469	34008
4470	5985
4471	25092
4472	31757
4473	41247
4474	37061
4475	38808
4476	38320
4477	26046
4478	25716
4479	21685
4480	6835
4481	2780
4482	79
4483	7188
4484	29212
4485	37177
4486	7476
4487	35188
4488	27409
4489	33498
4490	38210
4491	29707
4492	32781
4493	25553
4494	25837
4495	24817
4496	35531
4497	31374
4498	28230
4499	40941
4500	24425
4501	25103
4502	25845
4503	29699
4504	27866
4505	27383
4506	27574
4507	38966
4508	24800
4509	24118
4510	29058
4511	21654
4512	31951
4513	24952
4514	25051
4515	38218
4516	24564
4517	21351
4518	27763
4519	24854
4520	40373
4521	30641
4522	25513
4523	29206
4524	25948
4525	33279
4526	28235
4527	30762
4528	29523
4529	26775
4530	24180
4531	35616
4532	32038
4533	48101
4534	35350
4535	38820
4536	25049
4537	25162
4538	27949
4539	24245
4540	24478
4541	9092
4542	4119
4543	351
4544	37066
4545	21766
4546	32592
4547	23982
4548	21957
4549	42299
4550	25822
4551	27210
4552	32708
4553	28279
4554	32071
4555	27023
4556	27967
4557	34610
4558	24240
4559	34037
4560	2326
4561	9016
4562	4281
4563	8114
4564	32489
4565	30261
4566	27959
4567	27954
4568	30940
4569	28308
4570	25428
4571	24897
4572	24551
4573	32640
4574	33235
4575	21597
4576	28987
4577	26256
4578	27835
4579	40599
4580	39137
4581	25843
4582	21353
4583	7221
4584	27102
4585	33868
4586	32416
4587	29977
4588	28373
4589	21713
4590	24334
4591	38305
4592	33097
4593	36858
4594	37779
4595	26018
4596	24691
4597	29285
4598	25672
4599	31672
4600	27976
4601	25181
4602	24655
4603	29085
4604	31340
4605	39823
4606	29723
4607	35015
4608	31755
4609	27784
4610	8758
4611	25005
4612	24899
4613	24015
4614	29344
4615	34283
4616	31593
4617	30001
4618	27405
4619	24569
4620	27880
4621	27439
4622	35554
4623	32062
4624	33218
4625	28440
4626	2313
4627	21740
4628	25221
4629	21996
4630	34755
4631	27046
4632	23967
4633	30161
4634	30224
4635	28341
4636	26521
4637	27157
4638	25401
4639	27641
4640	36568
4641	28201
4642	29849
4643	27886
4644	27112
4645	35157
4646	29263
4647	32651
4648	28670
4649	26670
4650	27258
4651	35619
4652	27402
4653	27877
4654	30059
4655	26616
4656	28536
4657	33753
4658	29549
4659	37148
4660	21465
4661	30316
4662	10447
4663	30096
4664	24856
4665	26462
4666	25711
4667	28492
4668	31229
4669	2509
4670	2949
4671	7673
4672	30442
4673	21539
4674	35694
4675	35627
4676	25812
4677	34526
4678	40222
4679	28157
4680	24978
4681	28734
4682	21492
4683	26423
4684	6781
4685	1174
4686	7567
4687	29165
4688	24971
4689	28132
4690	30454
4691	27879
4692	25342
4693	39106
4694	25985
4695	33243
4696	31447
4697	33742
4698	27398
4699	25149
4700	36575
4701	24061
4702	30272
4703	31714
4704	27770
4705	31048
4706	27400
4707	31403
4708	32814
4709	25635
4710	38073
4711	21930
4712	6267
4713	25339
4714	25450
4715	31379
4716	39771
4717	38712
4718	31370
4719	2201
4720	6616
4721	28367
4722	27683
4723	30791
4724	21393
4725	25820
4726	48216
4727	28488
4728	32934
4729	25236
4730	24069
4731	35700
4732	34441
4733	40718
4734	34431
4735	40086
4736	38603
4737	37382
4738	28656
4739	28388
4740	26091
4741	27893
4742	21426
4743	28846
4744	29463
4745	28012
4746	28691
4747	27418
4748	33180
4749	33645
4750	40936
4751	24693
4752	25150
4753	27856
4754	27390
4755	32366
4756	41327
4757	31696
4758	26335
4759	33326
4760	27971
4761	26072
4762	28266
4763	39097
4764	27651
4765	38859
4766	36057
4767	21466
4768	35572
4769	27498
4770	30136
4771	28807
4772	33975
4773	33549
4774	25431
4775	40580
4776	40033
4777	31311
4778	33030
4779	6560
4780	2627
4781	2561
4782	27888
4783	32376
4784	29806
4785	25527
4786	38714
4787	30515
4788	25475
4789	26081
4790	37474
4791	26273
4792	25858
4793	28130
4794	28720
4795	30458
4796	29992
4797	32369
4798	30573
4799	32034
4800	24214
4801	35370
4802	26429
4803	24064
4804	31005
4805	29080
4806	24311
4807	24106
4808	31175
4809	26290
4810	37965
4811	38932
4812	35464
4813	34727
4814	26588
4815	33550
4816	25119
4817	28014
4818	27957
4819	41221
4820	27546
4821	29175
4822	24360
4823	26214
4824	36294
4825	34416
4826	33408
4827	32033
4828	30926
4829	24709
4830	41379
4831	25072
4832	39905
4833	25048
4834	24593
4835	26591
4836	27634
4837	30509
4838	32763
4839	29667
4840	24500
4841	30300
4842	33915
4843	32175
4844	38681
4845	32523
4846	31623
4847	38489
4848	30437
4849	8855
4850	24119
4851	35426
4852	23041
4853	27755
4854	7700
4855	7885
4856	31343
4857	27902
4858	37267
4859	25501
4860	30350
4861	30864
4862	26393
4863	26084
4864	33955
4865	25938
4866	25537
4867	30964
4868	32477
4869	37256
4870	29234
4871	28572
4872	23867
4873	32683
4874	35860
4875	21531
4876	2881
4877	7026
4878	26446
4879	28261
4880	37840
4881	21945
4882	30563
4883	33993
4884	40963
4885	26745
4886	33205
4887	32322
4888	27459
4889	32857
4890	27432
4891	39045
4892	29669
4893	32929
4894	37971
4895	34401
4896	27831
4897	25492
4898	37885
4899	31792
4900	37364
4901	26777
4902	34600
4903	25442
4904	34427
4905	37303
4906	37833
4907	25765
4908	24991
4909	29813
4910	32993
4911	28401
4912	24363
4913	24479
4914	32375
4915	40315
4916	7117
4917	38347
4918	39730
4919	24699
4920	25288
4921	25725
4922	25479
4923	41084
4924	34553
4925	38581
4926	21695
4927	30788
4928	23923
4929	32695
4930	25935
4931	21934
4932	34534
4933	23901
4934	24480
4935	21592
4936	27229
4937	125
4938	7591
4939	9186
4940	308
4941	40390
4942	7500
4943	3382
4944	7525
4945	2331
4946	29473
4947	31591
4948	21303
4949	28769
4950	35129
4951	36109
4952	26281
4953	27549
4954	25620
4955	25089
4956	21947
4957	25522
4958	27206
4959	33071
4960	24941
4961	28617
4962	41272
4963	29448
4964	212
4965	8560
4966	34992
4967	23931
4968	25354
4969	27016
4970	24215
4971	28479
4972	32947
4973	32265
4974	41083
4975	24221
4976	28198
4977	25328
4978	30897
4979	26433
4980	36042
4981	39880
4982	7475
4983	2922
4984	9444
4985	4500
4986	4102
4987	33209
4988	28818
4989	25218
4990	25315
4991	32784
4992	38844
4993	2251
4994	29958
4995	27869
4996	33042
4997	33089
4998	29418
4999	3131
5000	6561
5001	6587
5002	33416
5003	32246
5004	30276
5005	31600
5006	24777
5007	39391
5008	31410
5009	36408
5010	31827
5011	26225
5012	36225
5013	27482
5014	25726
5015	24966
5016	40583
5017	31564
5018	31094
5019	37753
5020	34524
5021	34750
5022	27251
5023	41321
5024	23910
5025	25085
5026	32237
5027	32735
5028	27994
5029	32321
5030	34154
5031	23063
5032	35355
5033	30044
5034	35765
5035	26895
5036	39262
5037	7515
5038	34274
5039	24335
5040	25999
5041	29439
5042	28860
5043	37763
5044	31063
5045	30452
5046	25026
5047	32080
5048	32253
5049	25665
5050	26119
5051	31740
5052	35571
5053	29862
5054	26573
5055	35052
5056	37626
5057	39369
5058	30483
5059	28897
5060	29775
5061	26791
5062	36649
5063	31007
5064	7268
5065	26951
5066	33821
5067	24472
5068	30900
5069	27695
5070	34156
5071	25644
5072	35668
5073	38950
5074	36107
5075	27477
5076	26614
5077	9623
5078	31387
5079	40203
5080	24643
5081	39567
5082	6548
5083	2566
5084	7528
5085	33688
5086	24477
5087	8826
5088	2461
5089	4444
5090	4411
5091	36334
5092	28666
5093	29432
5094	26921
5095	38057
5096	32696
5097	25245
5098	37432
5099	26549
5100	39456
5101	37618
5102	28950
5103	33702
5104	32553
5105	29275
5106	24402
5107	31610
5108	35148
5109	33028
5110	31157
5111	28627
5112	31105
5113	30899
5114	28662
5115	24320
5116	25316
5117	26925
5118	31324
5119	31317
5120	29873
5121	25439
5122	24576
5123	30018
5124	29000
5125	26831
5126	25457
5127	30987
5128	31646
5129	31577
5130	34014
5131	34225
5132	23044
5133	27903
5134	30286
5135	38965
5136	31596
5137	30460
5138	28933
5139	27611
5140	28032
5141	34063
5142	2588
5143	8129
5144	23908
5145	31879
5146	28961
5147	27195
5148	21672
5149	36056
5150	36283
5151	26184
5152	31979
5153	23050
5154	28424
5155	24212
5156	31506
5157	4140
5158	6845
5159	37142
5160	30629
5161	29284
5162	35420
5163	34749
5164	32845
5165	7430
5166	7923
5167	2289
5168	48423
5169	24077
5170	31164
5171	24369
5172	25853
5173	29451
5174	26190
5175	37378
5176	35963
5177	29545
5178	21470
5179	27951
5180	25823
5181	25104
5182	28447
5183	33236
5184	23880
5185	25382
5186	29082
5187	38338
5188	21456
5189	25544
5190	27470
5191	39322
5192	22676
5193	35041
5194	24205
5195	28268
5196	27487
5197	26700
5198	24193
5199	24700
5200	29239
5201	32210
5202	29956
5203	38065
5204	28456
5205	34619
5206	36623
5207	29560
5208	25561
5209	31535
5210	35391
5211	28673
5212	28427
5213	33445
5214	25083
5215	24178
5216	40703
5217	33829
5218	34060
5219	30033
5220	3554
5221	24797
5222	31685
5223	31869
5224	36513
5225	31631
5226	30002
5227	28294
5228	25151
5229	29098
5230	32623
5231	48094
5232	30158
5233	35110
5234	24098
5235	23870
5236	39182
5237	25818
5238	28143
5239	29747
5240	29323
5241	35881
5242	29185
5243	27989
5244	26274
5245	29034
5246	27299
5247	34935
5248	27783
5249	27553
5250	29236
5251	25809
5252	25741
5253	24495
5254	26827
5255	29376
5256	29183
5257	27534
5258	37326
5259	34162
5260	27627
5261	37614
5262	33184
5263	34955
5264	34713
5265	26676
5266	24267
5267	29095
5268	21589
5269	37589
5270	24095
5271	24337
5272	25235
5273	8494
5274	3917
5275	7049
5276	7151
5277	2962
5278	28051
5279	32649
5280	26151
5281	24536
5282	36453
5283	24211
5284	24888
5285	33133
5286	24907
5287	26362
5288	25154
5289	23911
5290	31442
5291	24257
5292	31144
5293	24227
5294	27084
5295	28116
5296	27435
5297	30568
5298	24355
5299	28220
5300	31559
5301	30482
5302	24309
5303	31380
5304	31285
5305	26467
5306	34776
5307	33025
5308	24176
5309	25362
5310	38824
5311	38953
5312	27368
5313	21948
5314	31407
5315	8935
5316	28958
5317	35058
5318	23045
5319	27381
5320	27279
5321	30282
5322	21745
5323	31079
5324	23899
5325	21447
5326	35061
5327	35550
5328	26340
5329	32887
5330	32876
5331	36761
5332	27581
5333	21690
5334	24456
5335	23995
5336	35760
5337	24892
5338	29416
5339	24843
5340	32502
5341	25389
5342	248
5343	34781
5344	3640
5345	6132
5346	31772
5347	26692
5348	34660
5349	35524
5350	39984
5351	28688
5352	31069
5353	32998
5354	24701
5355	30123
5356	31080
5357	30832
5358	28470
5359	24236
5360	34336
5361	29861
5362	27575
5363	23907
5364	31161
5365	28914
5366	31527
5367	28256
5368	24788
5369	38471
5370	25718
5371	48352
5372	24668
5373	26231
5374	34255
5375	24998
5376	24203
5377	33865
5378	23962
5379	24595
5380	24917
5381	31440
5382	37266
5383	24161
5384	38733
5385	24348
5386	32499
5387	31689
5388	6720
5389	3913
5390	4104
5391	23888
5392	29748
5393	37683
5394	36534
5395	36940
5396	27510
5397	32898
5398	2611
5399	3559
5400	2494
5401	36165
5402	36238
5403	35057
5404	26302
5405	23912
5406	30949
5407	25531
5408	34681
5409	26492
5410	35812
5411	7368
5412	1884
5413	10631
5414	31634
5415	31297
5416	27905
5417	26593
5418	32223
5419	25134
5420	30991
5421	26055
5422	27705
5423	29496
5424	26363
5425	29020
5426	25850
5427	32205
5428	31244
5429	21359
5430	29243
5431	27387
5432	26892
5433	34989
5434	33255
5435	31462
5436	34240
5437	28009
5438	39076
5439	29954
5440	25241
5441	28254
5442	34243
5443	33814
5444	31716
5445	37954
5446	24982
5447	24722
5448	25692
5449	27960
5450	37796
5451	27662
5452	23084
5453	26703
5454	32891
5455	35764
5456	36396
5457	23992
5458	35327
5459	3272
5460	9038
5461	26443
5462	34218
5463	25014
5464	37845
5465	26675
5466	27540
5467	25197
5468	26785
5469	27632
5470	28454
5471	28852
5472	25517
5473	33679
5474	26942
5475	29963
5476	31405
5477	27824
5478	25438
5479	35757
5480	6454
5481	2697
5482	21720
5483	36343
5484	25174
5485	27494
5486	32056
5487	25965
5488	28514
5489	2466
5490	10725
5491	7083
5492	2460
5493	6777
5494	4165
5495	4136
5496	24049
5497	28482
5498	2785
5499	21753
5500	33782
5501	24905
5502	32055
5503	33020
5504	37646
5505	2573
5506	25098
5507	24036
5508	27255
5509	21575
5510	28925
5511	9474
5512	24515
5513	36866
5514	25460
5515	23991
5516	28145
5517	32041
5518	23979
5519	27417
5520	25712
5521	21454
5522	38992
5523	3071
5524	29459
5525	25774
5526	26033
5527	28562
5528	24189
5529	35952
5530	7119
5531	3711
5532	7689
5533	18309
5534	34872
5535	29248
5536	37602
5537	29577
5538	21490
5539	26013
5540	29989
5541	32715
5542	29997
5543	34490
5544	25947
5545	32597
5546	30764
5547	21646
5548	25978
5549	26364
5550	24927
5551	24749
5552	33368
5553	31741
5554	37097
5555	21989
5556	29961
5557	21409
5558	26321
5559	25055
5560	29022
5561	26530
5562	35474
5563	24129
5564	31174
5565	27200
5566	27547
5567	28731
5568	32874
5569	21728
5570	29501
5571	36010
5572	37990
5573	36509
5574	31195
5575	3835
5576	9258
5577	26463
5578	30804
5579	30895
5580	34554
5581	26453
5582	33987
5583	27601
5584	30162
5585	28883
5586	25461
5587	24090
5588	25637
5589	29612
5590	26330
5591	29720
5592	26844
5593	29403
5594	24654
5595	25334
5596	26349
5597	25987
5598	24721
5599	21488
5600	28242
5601	26293
5602	21925
5603	27557
5604	21775
5605	35689
5606	28205
5607	32582
5608	3557
5609	24868
5610	31725
5611	30777
5612	24206
5613	29242
5614	33798
5615	26011
5616	32938
5617	23085
5618	34788
5619	21350
5620	2296
5621	7057
5622	2603
5623	4255
5624	6482
5625	2596
5626	26277
5627	27583
5628	36414
5629	24517
5630	24175
5631	25626
5632	24210
5633	27963
5634	25128
5635	29093
5636	31739
5637	5914
5638	38075
5639	34024
5640	27598
5641	25230
5642	3896
5643	32112
5644	21356
5645	8073
5646	35636
5647	24837
5648	29661
5649	25550
5650	26221
5651	36882
5652	29105
5653	36894
5654	28940
5655	23124
5656	24475
5657	32414
5658	25730
5659	24871
5660	34701
5661	36751
5662	37441
5663	32442
5664	6646
5665	2273
5666	32971
5667	34917
5668	27248
5669	32017
5670	27054
5671	27531
5672	24506
5673	25936
5674	38547
5675	24486
5676	21586
5677	30399
5678	27527
5679	3286
5680	7069
5681	26265
5682	31862
5683	21529
5684	25576
5685	32213
5686	36674
5687	35703
5688	28215
5689	24811
5690	29455
5691	30763
5692	36293
5693	32508
5694	24076
5695	33695
5696	31833
5697	27585
5698	35077
5699	34200
5700	33985
5701	29446
5702	27001
5703	30135
5704	25482
5705	26554
5706	24786
5707	21482
5708	24676
5709	33926
5710	10519
5711	32871
5712	24315
5713	30876
5714	34505
5715	24900
5716	6860
5717	2451
5718	25676
5719	24104
5720	25220
5721	30711
5722	29204
5723	30746
5724	6609
5725	7027
5726	24484
5727	34165
5728	27827
5729	6805
5730	33140
5731	34738
5732	27419
5733	24108
5734	29978
5735	7813
5736	6905
5737	6622
5738	9896
5739	6811
5740	26546
5741	27372
5742	31160
5743	34405
5744	28996
5745	27374
5746	28240
5747	33906
5748	35837
5749	23080
5750	33282
5751	25135
5752	27197
5753	34127
5754	31236
5755	29338
5756	21441
5757	31814
5758	37158
5759	8553
5760	7208
5761	23863
5762	32222
5763	2632
5764	31595
5765	34916
5766	25115
5767	25540
5768	25746
5769	34417
5770	30685
5771	26971
5772	28074
5773	27722
5774	29038
5775	6525
5776	23987
5777	25958
5778	24282
5779	26346
5780	24343
5781	6729
5782	7396
5783	31659
5784	32091
5785	28399
5786	26288
5787	31054
5788	24262
5789	30651
5790	24955
5791	31848
5792	33434
5793	31013
5794	24298
5795	31191
5796	31789
5797	32594
5798	31114
5799	7129
5800	25
5801	31614
5802	24013
5803	24902
5804	34501
5805	33130
5806	27870
5807	29283
5808	27802
5809	29172
5810	32334
5811	33146
5812	30671
5813	25087
5814	34078
5815	24707
5816	27533
5817	24712
5818	7340
5819	26064
5820	97
5821	25177
5822	26902
5823	35819
5824	36853
5825	25229
5826	27065
5827	28968
5828	25069
5829	33411
5830	29492
5831	28120
5832	32231
5833	21358
5834	26694
5835	29737
5836	28942
5837	34873
5838	24851
5839	9146
5840	3363
5841	37244
5842	35685
5843	34947
5844	21998
5845	24959
5846	34563
5847	24589
5848	27395
5849	29510
5850	24356
5851	28953
5852	33419
5853	27478
5854	28969
5855	21504
5856	26097
5857	25833
5858	32127
5859	31420
5860	29932
5861	30376
5862	23984
5863	28182
5864	48465
5865	7796
5866	7463
5867	2932
5868	7176
5869	6903
5870	27225
5871	25054
5872	32829
5873	28524
5874	26607
5875	32570
5876	48721
5877	25943
5878	31534
5879	48097
5880	26304
5881	33165
5882	29440
5883	33085
5884	28832
5885	27618
5886	26984
5887	32036
5888	29605
5889	28462
5890	6619
5891	24740
5892	34378
5893	24834
5894	31249
5895	25469
5896	2695
5897	32103
5898	33142
5899	33756
5900	34948
5901	36806
5902	27136
5903	26431
5904	24230
5905	30188
5906	48363
5907	5909
5908	35652
5909	48433
5910	32264
5911	35772
5912	2539
5913	2496
5914	35653
5915	30939
5916	31366
5917	48463
5918	31200
5919	30167
5920	32836
5921	35773
5922	35782
5923	26520
5924	31453
5925	36869
5926	29676
5927	29070
5928	26964
5929	31895
5930	25332
5931	35650
5932	7128
5933	36215
5934	36039
5935	24055
5936	31098
5937	36038
5938	27975
5939	25250
5940	31183
5941	32140
5942	2631
5943	7828
5944	27447
5945	27771
5946	34275
5947	27086
5948	31532
5949	28565
5950	35146
5951	24270
5952	30772
5953	25068
5954	24958
5955	25013
5956	48539
5957	24663
5958	30405
5959	33730
5960	7889
5961	7618
5962	2870
5963	29722
5964	36724
5965	30889
5966	26977
5967	48460
5968	24062
5969	32042
5970	33680
5971	26736
5972	27022
5973	7275
5974	35857
5975	31299
5976	28063
5977	48427
5978	26259
5979	21390
5980	27913
5981	34132
5982	32182
5983	31617
5984	29240
5985	28935
5986	26186
5987	36481
5988	25413
5989	35092
5990	26032
5991	30505
5992	2597
5993	35942
5994	33167
5995	32918
5996	33802
5997	26552
5998	29103
5999	35779
6000	25093
6001	7998
6002	26234
6003	30896
6004	23932
6005	35656
6006	26303
6007	30173
6008	31077
6009	35752
6010	27535
6011	24647
6012	24317
6013	8585
6014	7513
6015	6734
6016	24523
6017	28682
6018	25819
6019	35062
6020	32040
6021	28068
6022	27429
6023	31526
6024	29791
6025	31270
6026	26458
6027	29317
6028	27740
6029	7261
6030	4003
6031	1104
6032	2976
6033	7087
6034	28319
6035	21355
6036	31801
6037	6812
6038	7540
6039	8163
6040	35789
6041	25836
6042	26496
6043	32962
6044	28751
6045	31703
6046	32889
6047	7120
6048	3592
6049	7036
6050	30264
6051	7917
6052	36098
6053	21578
6054	24714
6055	34863
6056	24734
6057	36066
6058	32066
6059	26688
6060	27257
6061	24042
6062	30325
6063	24910
6064	34666
6065	21440
6066	25045
6067	2672
6068	24074
6069	24318
6070	31877
6071	29615
6072	30613
6073	11897
6074	6531
6075	24274
6076	32312
6077	3708
6078	28703
6079	24581
6080	25933
6081	23886
6082	32048
6083	26996
6084	31263
6085	278
6086	7193
6087	8850
6088	28984
6089	29761
6090	28395
6091	24357
6092	6659
6093	35542
6094	32869
6095	24459
6096	24748
6097	34956
6098	7142
6099	28742
6100	27207
6101	27428
6102	32495
6103	3125
6104	24380
6105	32212
6106	23885
6107	25547
6108	25834
6109	27711
6110	28893
6111	26751
6112	3447
6113	24669
6114	24594
6115	32659
6116	34253
6117	7776
6118	7040
6119	23875
6120	27983
6121	6814
6122	34586
6123	24793
6124	24573
6125	34907
6126	28144
6127	30572
6128	24217
6129	31723
6130	2279
6131	24772
6132	2964
6133	26410
6134	29411
6135	31925
6136	24987
6137	27479
6138	24040
6139	2719
6140	7150
6141	26100
6142	31288
6143	24057
6144	28483
6145	28165
6146	23107
6147	21516
6148	29351
6149	24389
6150	31450
6151	3563
6152	30927
6153	27110
6154	24303
6155	27466
6156	27736
6157	24450
6158	33050
6159	26222
6160	19111
6161	26502
6162	26566
6163	30036
6164	26305
6165	24605
6166	26916
6167	26016
6168	34237
6169	28059
6170	27064
6171	34072
6172	24585
6173	21742
6174	6630
6175	30497
6176	28053
6177	29840
6178	25148
6179	21517
6180	28599
6181	25132
6182	33917
6183	31429
6184	31313
6185	25139
6186	30107
6187	25580
6188	29509
6189	7074
6190	24684
6191	26481
6192	21650
6193	29738
6194	28885
6195	48142
6196	23077
6197	25138
6198	27582
6199	25425
6200	27885
6201	2303
6202	26985
6203	27790
6204	28049
6205	33546
6206	27638
6207	6750
6208	34039
6209	7264
6210	2634
6211	32211
6212	30522
6213	24508
6214	26953
6215	31533
6216	34021
6217	2298
6218	6491
6219	2290
6220	48128
6221	27829
6222	6926
6223	28258
6224	29282
6225	6451
6226	31181
6227	30828
6228	26539
6229	21782
6230	24537
6231	26677
6232	32395
6233	27703
6234	23852
6235	2189
6236	25521
6237	27872
6238	26465
6239	25062
6240	6546
6241	31551
6242	30748
6243	25488
6244	26370
6245	28749
6246	29826
6247	25715
6248	2550
6249	8076
6250	27052
6251	27873
6252	29682
6253	28878
6254	27616
6255	24377
6256	28511
6257	2799
6258	6620
6259	26503
6260	31155
6261	32965
6262	6947
6263	31010
6264	25500
6265	27605
6266	21420
6267	25446
6268	25215
6269	32364
6270	31381
6271	26287
6272	27003
6273	24105
6274	3408
6275	7194
6276	7248
6277	6719
6278	3294
6279	23033
6280	29077
6281	30461
6282	2144
6283	27208
6284	27615
6285	24992
6286	24470
6287	29841
6288	27956
6289	24427
6290	32359
6291	30410
6292	26260
6293	24799
6294	24547
6295	6773
6296	3356
6297	31574
6298	28951
6299	25955
6300	27939
6301	7478
6302	21726
6303	21389
6304	29483
6305	30262
6306	2756
6307	26365
6308	25084
6309	26026
6310	21366
6311	27759
6312	30219
6313	28888
6314	24574
6315	26386
6316	24241
6317	27811
6318	21765
6319	24660
6320	2300
6321	26587
6322	27850
6323	29205
6324	26810
6325	28867
6326	24972
6327	24379
6328	26872
6329	25261
6330	29201
6331	29674
6332	30321
6333	21384
6334	29450
6335	25742
6336	21532
6337	26726
6338	25118
6339	21698
6340	26988
6341	26723
6342	25996
6343	24288
6344	24914
6345	6888
6346	29347
6347	26329
6348	29083
6349	25165
6350	27433
6351	7376
6352	7306
6353	2738
6354	23072
6355	24973
6356	25086
6357	30334
6358	21462
6359	23973
6360	26555
6361	21591
6362	26733
6363	24281
6364	30773
6365	26570
6366	29508
6367	24539
6368	23098
6369	21758
6370	24362
6371	25120
6372	29760
6373	23904
6374	29834
6375	26713
6376	21776
6377	25966
6378	21369
6379	24182
6380	27648
6381	28871
6382	26024
6383	24075
6384	28684
6385	25317
6386	28510
6387	21771
6388	27733
6389	24174
6390	2234
6391	24990
6392	26611
6393	21764
6394	28896
6395	21427
6396	1311
6397	21949
6398	27617
6399	26312
6400	29809
6401	25183
6402	27584
6403	26809
6404	28189
6405	25802
6406	28669
6407	21797
6408	27233
6409	26793
6410	24443
6411	24349
6412	23956
6413	25710
6414	29079
6415	21717
6416	29342
6417	27369
6418	23100
6419	26426
6420	28678
6421	25109
6422	6543
6423	27509
6424	25562
6425	27938
6426	24745
6427	6803
6428	24169
6429	27899
6430	27393
6431	21386
6432	27778
6433	28390
6434	26219
6435	25497
6436	7281
6437	25107
6438	25594
6439	26142
6440	6842
6441	2757
6442	25937
6443	24874
6444	25411
6445	26780
6446	24111
6447	28134
6448	23070
6449	25076
6450	253
6451	25451
6452	23940
6453	27688
6454	48080
6455	24087
6456	24970
6457	21718
6458	23938
6459	27198
6460	21503
6461	28216
6462	27694
6463	24019
6464	21733
6465	2233
6466	2336
6467	21524
6468	6950
6469	24697
6470	24376
6471	23952
6472	21494
6473	24116
6474	23052
6475	24373
6476	26361
6477	22682
6478	21743
6479	143
6480	23898
6481	23985
6482	24904
6483	24567
6484	24031
6485	21436
6486	775
6487	176
6488	155
6489	753
6490	174
6491	726
6492	774
6493	158
6494	719
6495	120
6496	724
6497	159
6498	768
6499	732
6500	16021
6501	17263
6502	17260
6503	17258
6504	17266
6505	15851
6506	17268
6507	15854
6508	15852
6509	17271
6510	15856
6511	38717
6512	37360
